Year,Month,Day,Latitude,Longitude,Zonal Winds,Meridional Winds,Humidity,Sea Surface Temp,Air Temp
2052,4,17,9.32,78.87,15.5,-4.3,92.1,29.3,17.8
1901,2,19,5.08,74.24,13.3,-4.9,97.6,27.6,17.05
2041,1,27,11.33,70.64,16.3,4.9,64.1,30.9,17.99
2041,6,11,10.65,76.84,8.1,1.0,98.6,31.9,18.21
2014,2,26,13.59,78.17,8.9,-1.5,76.0,30.5,17.8
1999,11,19,8.28,75.91,12.2,2.4,96.5,31.5,18.19
1931,11,13,12.47,77.26,14.3,-3.9,78.5,29.6,17.83
1970,11,16,7.98,74.58,18.6,-4.1,99.7,25.5,16.43
2005,4,7,6.93,79.16,1.3,-4.0,74.3,28.6,16.78
2063,2,27,9.09,75.97,10.3,4.5,71.6,30.3,17.48
2080,6,9,9.18,75.59,4.8,0.6,77.7,26.1,15.73
1925,9,3,5.47,71.78,1.1,-1.1,89.1,26.3,15.72
2031,3,5,11.12,76.28,19.3,-2.1,74.5,30.1,18.18
2070,4,5,6.71,74.32,9.6,4.5,72.8,25.4,15.49
1911,1,16,7.09,73.99,7.9,3.1,82.9,27.1,16.16
1978,9,23,12.13,70.18,5.7,-1.2,80.4,27.3,16.35
1953,6,24,14.45,78.7,9.7,1.8,94.8,29.9,17.45
2049,3,2,6.14,74.64,2.9,-2.9,87.9,29.9,17.34
2065,5,16,9.87,75.84,5.2,-3.9,78.1,27.2,16.41
1971,5,2,8.21,74.26,8.1,1.0,81.5,29.4,17.2
1944,7,4,8.97,79.6,17.1,2.3,86.3,27.3,16.75
2048,10,6,11.8,75.68,11.2,2.0,67.8,30.5,17.73
1990,5,6,12.76,74.67,18.0,1.2,97.6,26.7,16.62
2053,3,23,8.66,75.78,9.2,-1.2,86.8,26.8,16.33
2075,2,7,10.39,74.49,19.5,1.0,71.7,31.9,18.76
1964,10,6,8.14,77.41,9.2,0.4,78.7,31.4,18.08
2008,2,14,10.27,70.48,5.6,-4.7,72.7,30.4,17.75
1980,7,21,13.85,77.14,5.4,4.1,63.4,26.3,15.65
1931,7,19,10.67,71.29,0.5,-2.9,61.4,29.4,16.99
1930,7,2,5.99,79.28,7.7,-1.1,87.7,27.5,16.53
1940,9,27,11.77,72.33,11.2,-1.3,61.5,25.1,15.73
1943,5,14,6.23,75.22,0.8,-2.0,92.6,29.6,17.07
1953,2,14,8.69,75.39,18.2,-3.0,73.6,31.8,18.85
1924,6,17,7.45,78.12,9.7,-3.5,95.3,28.0,16.96
1972,5,16,14.99,78.94,14.9,0.9,77.6,25.0,15.78
1900,2,18,9.4,78.87,18.3,2.7,66.7,25.0,15.85
2031,1,15,7.13,75.93,2.5,-1.7,82.0,26.2,15.77
2020,3,19,12.68,79.78,9.6,3.5,88.6,30.9,17.75
2083,11,4,6.68,71.26,0.3,-3.0,77.2,31.5,17.84
2036,10,17,6.22,73.37,2.6,1.7,67.1,30.4,17.27
1924,7,20,10.17,74.69,5.0,-0.7,99.0,31.4,17.94
2066,3,14,5.3,70.34,0.1,-0.7,71.6,28.3,16.43
1992,9,1,9.17,71.39,10.3,-2.4,76.3,29.0,17.31
2064,4,5,11.09,75.17,9.2,1.4,96.6,28.6,16.93
1901,1,2,9.3,74.25,4.0,2.1,99.9,28.0,16.39
1999,8,13,13.92,71.61,6.8,4.5,61.1,25.0,15.18
2048,6,16,6.56,70.5,4.5,4.2,73.8,31.6,17.73
1940,8,14,7.19,78.02,19.6,0.1,83.6,25.4,16.22
1992,11,4,10.54,73.0,19.7,3.5,66.6,29.1,17.52
1961,8,10,13.05,75.71,16.5,4.2,95.1,28.0,16.91
2079,11,1,9.82,71.98,13.7,-1.0,85.4,30.0,17.82
2046,7,28,12.72,73.77,11.7,-0.7,73.1,28.7,17.17
2017,8,5,9.3,73.86,9.2,2.0,87.0,28.5,16.85
2073,7,13,5.34,79.54,7.9,-3.2,87.9,31.2,18.12
1975,5,1,13.97,79.82,11.8,1.4,76.6,27.3,16.52
1955,8,28,8.76,75.68,1.9,3.5,95.2,25.5,15.22
1984,5,2,8.21,76.74,4.2,4.1,98.1,27.0,15.9
1915,2,15,14.31,73.29,6.6,-4.7,99.4,30.6,17.9
2033,12,14,6.93,76.0,14.7,-3.9,75.4,28.3,17.33
2062,2,3,8.24,70.06,6.4,3.0,99.4,26.1,15.71
1977,9,23,7.02,73.31,5.1,2.2,72.2,30.4,17.38
1915,2,27,9.64,77.54,0.5,4.4,97.5,27.0,15.7
2068,8,2,8.07,79.37,2.0,-3.7,89.6,28.6,16.81
1990,11,22,8.72,77.23,1.8,-2.1,90.0,28.1,16.53
2078,9,5,6.4,74.36,9.2,-1.9,83.7,30.4,17.8
1916,2,5,12.98,70.27,7.0,3.3,88.4,27.1,16.11
2039,10,20,7.04,75.2,6.0,-4.8,80.9,25.5,15.82
2083,10,23,9.09,79.04,4.5,-3.6,81.9,27.5,16.49
1929,7,16,13.89,77.8,7.7,-4.9,87.8,29.3,17.44
1907,7,24,10.63,71.87,9.3,0.2,73.3,31.8,18.25
2071,10,23,8.47,73.83,16.3,-4.6,66.3,28.7,17.59
1960,10,7,12.96,71.07,17.6,-0.5,66.3,26.0,16.37
1992,6,16,10.28,75.82,2.0,-1.1,71.3,30.5,17.43
1984,6,1,13.63,71.73,7.9,3.3,95.1,26.6,15.97
1974,9,10,10.77,76.06,7.4,1.7,81.3,29.0,16.97
2033,3,27,13.05,75.71,18.6,-0.2,95.3,27.4,17.0
2053,4,28,8.74,79.3,4.1,2.5,69.9,26.8,15.87
1994,5,5,14.43,78.91,16.9,-2.7,67.0,27.1,16.89
1964,6,22,8.17,70.95,3.3,2.2,92.3,25.6,15.39
2002,9,14,12.0,76.51,10.7,-1.7,93.6,26.4,16.27
2042,7,18,14.66,77.32,2.0,1.4,90.8,30.6,17.36
2023,11,1,9.99,77.76,17.9,3.4,98.3,27.4,16.78
2065,10,19,14.03,75.0,7.7,3.8,92.4,31.3,17.81
2031,3,6,6.46,71.38,4.3,3.4,71.4,28.7,16.6
1911,11,23,6.48,72.68,6.3,-1.5,64.5,26.1,15.89
2026,12,16,14.15,75.75,4.8,-1.7,88.5,25.2,15.49
2051,11,26,13.12,76.16,12.3,-1.7,83.2,25.6,16.02
1946,7,20,10.04,77.81,1.2,3.2,88.0,32.0,17.79
2020,7,1,5.39,76.0,14.3,1.1,82.2,31.1,18.18
2087,10,19,5.44,78.23,16.8,1.3,79.6,29.3,17.57
2025,3,6,14.56,77.78,18.3,0.4,84.8,27.3,16.9
1921,2,5,12.11,72.42,18.9,0.7,99.3,27.7,17.09
1986,5,25,14.05,70.85,15.9,1.0,70.4,30.8,18.14
2067,10,10,9.76,77.04,9.2,-3.1,87.5,30.4,17.86
2001,6,14,11.52,79.78,17.6,1.3,70.4,27.2,16.77
2091,5,2,14.71,75.29,12.2,-1.9,72.4,28.1,17.02
1954,3,13,8.2,70.22,5.6,1.3,80.0,29.1,16.94
2035,3,6,14.32,74.61,13.5,-2.9,97.1,28.2,17.2
1918,2,5,13.05,79.8,7.7,1.5,92.2,27.4,16.36
2071,1,2,7.28,75.18,17.7,0.0,66.7,27.9,17.11
2054,7,6,7.99,73.74,0.5,0.4,93.5,25.4,15.26
2039,5,9,6.38,79.87,7.1,0.7,81.1,31.5,18.0
2061,4,14,11.63,71.54,18.3,1.6,96.3,28.4,17.29
1965,3,2,13.76,77.55,2.9,4.5,97.1,30.6,17.26
2069,12,16,7.22,76.41,12.8,4.3,71.2,29.0,17.1
1902,1,1,5.4,75.13,19.6,2.9,93.9,29.9,17.89
1979,10,25,8.84,74.61,2.1,-2.3,91.7,27.4,16.27
2017,2,16,10.91,73.44,15.1,-3.5,73.7,25.9,16.36
1970,6,22,14.92,79.27,14.1,-1.9,94.9,25.8,16.21
2053,10,2,10.65,72.31,1.9,-4.7,66.4,26.7,16.08
2060,4,20,10.23,75.74,4.8,3.9,64.3,29.0,16.71
1909,8,22,11.29,76.16,4.9,2.8,67.8,28.4,16.53
2022,6,14,5.71,71.14,5.1,-0.0,90.3,26.5,15.95
1916,8,17,6.05,78.9,5.6,2.8,72.9,30.3,17.33
1921,4,18,13.36,78.19,18.0,-0.8,76.8,30.1,18.06
2041,4,8,6.07,74.65,6.2,-1.9,60.0,30.8,17.79
2062,12,13,13.85,78.55,9.0,-1.5,95.7,26.1,16.06
1934,1,26,9.19,72.0,1.4,-1.4,98.6,26.5,15.84
1996,3,14,10.34,72.49,15.4,-0.1,68.5,26.8,16.56
1923,1,9,10.99,72.18,16.9,-2.1,75.5,26.8,16.75
1984,2,7,5.59,74.97,17.3,1.6,73.9,27.9,17.02
1925,4,13,5.28,75.69,18.6,4.0,73.6,29.5,17.6
2087,9,12,9.47,77.58,14.2,1.6,74.0,25.9,16.06
2029,4,1,14.16,73.04,6.4,1.2,85.6,28.7,16.83
1915,1,24,14.14,77.87,0.3,0.2,85.2,29.3,16.81
1926,8,5,9.62,72.53,6.1,5.0,85.1,25.4,15.3
2044,12,15,5.69,78.04,17.5,3.2,87.9,31.8,18.52
1906,4,25,14.52,75.66,13.0,-2.8,80.1,29.8,17.79
2072,10,22,12.95,74.61,4.0,-4.5,70.8,25.8,15.82
1965,10,16,6.84,75.75,3.3,2.0,77.9,26.3,15.66
2062,12,15,12.89,74.09,18.6,-1.5,71.6,25.7,16.36
1954,11,16,5.73,78.54,18.3,0.3,94.5,26.7,16.67
1980,7,8,6.09,78.24,14.3,4.4,68.2,28.7,17.04
2075,8,2,6.6,74.91,15.7,1.6,65.1,29.3,17.49
2013,10,2,9.32,73.62,7.4,3.9,69.6,27.5,16.24
1989,12,11,6.75,73.42,18.3,4.0,93.4,25.2,15.89
1990,10,28,13.24,79.84,13.6,0.5,72.5,27.0,16.53
2043,1,8,14.61,76.98,6.8,-2.0,80.8,29.1,17.16
2068,8,24,6.02,76.66,19.3,4.5,82.0,27.7,16.9
2021,11,5,13.6,73.75,16.1,-3.6,63.6,27.4,17.01
2069,9,15,10.65,74.96,15.4,4.5,82.9,30.0,17.63
2071,1,15,8.27,76.75,6.7,1.7,64.9,28.5,16.71
1954,1,20,9.16,70.5,14.1,-4.4,76.5,28.1,17.24
1982,11,21,5.6,71.79,18.4,1.5,75.6,27.7,17.0
1955,1,21,8.84,78.44,18.8,-0.7,97.6,25.4,16.23
2053,10,28,8.6,79.18,6.2,-2.2,86.2,29.2,17.19
2052,3,9,8.8,73.97,17.4,0.1,81.1,30.9,18.31
1908,6,1,11.1,75.96,11.8,-2.6,90.3,29.7,17.69
2012,3,18,9.1,78.45,5.4,-1.1,99.5,30.2,17.5
2028,10,15,12.68,73.35,5.6,-1.5,90.5,25.6,15.69
2021,4,15,6.62,70.44,7.8,0.1,90.4,29.3,17.2
1987,2,20,5.99,71.41,13.1,-2.4,98.9,28.4,17.23
1915,5,14,11.3,76.44,1.7,-1.0,85.0,29.5,17.02
1920,3,20,12.27,71.04,0.1,1.9,92.6,30.3,17.12
1939,1,12,8.34,78.64,12.8,3.0,84.3,26.8,16.29
2028,6,25,10.75,73.74,4.0,2.3,86.2,29.8,17.09
2056,2,17,7.37,73.96,14.1,2.0,62.8,26.0,16.07
2031,8,17,5.65,78.54,0.1,-1.8,75.5,26.3,15.69
2053,6,14,11.35,79.9,2.3,-3.6,73.0,31.2,17.85
1987,2,1,14.66,74.11,4.8,3.0,86.5,30.3,17.3
1989,5,18,8.9,73.34,15.0,2.7,78.1,31.3,18.21
2029,1,10,8.38,73.35,11.4,-5.0,96.3,28.9,17.48
1939,10,8,13.07,73.08,4.1,2.0,87.2,30.0,17.19
2097,6,7,10.88,74.37,0.2,-2.3,81.5,26.9,15.97
1925,2,26,8.45,72.34,2.7,-0.0,69.3,26.2,15.68
1934,2,15,12.03,71.55,14.5,0.1,78.8,32.0,18.6
2078,1,12,11.33,70.24,10.2,-3.9,91.7,26.0,16.2
1903,8,8,13.94,78.53,1.1,-3.8,94.4,31.9,18.1
2074,1,18,6.83,73.66,12.8,-5.0,65.2,25.2,16.04
1976,12,14,8.05,70.21,15.0,2.5,95.7,29.1,17.36
1944,3,28,9.62,70.29,5.4,-1.8,65.1,30.6,17.67
1968,1,27,8.32,70.85,11.4,-2.8,73.0,27.9,16.94
1990,2,15,9.51,79.45,17.6,1.8,71.6,27.6,16.9
1907,11,2,12.15,71.93,8.8,-2.3,87.8,30.2,17.72
2083,12,25,13.39,77.43,10.0,-0.1,84.8,30.3,17.71
2092,1,17,8.84,71.62,13.2,4.7,96.8,31.3,18.04
2060,11,17,11.67,77.03,7.7,0.6,66.7,30.8,17.74
2059,6,23,14.84,74.98,7.8,4.1,62.0,30.8,17.57
1909,6,27,13.13,72.6,1.0,2.0,80.9,28.1,16.27
1924,2,21,12.12,71.47,16.5,1.0,70.0,29.1,17.48
2068,6,4,9.65,75.92,7.9,-3.7,78.3,30.0,17.66
2097,3,2,12.72,70.15,9.5,0.6,62.0,27.9,16.67
2003,4,22,13.17,71.21,1.8,4.6,99.3,30.9,17.32
2059,6,3,12.71,76.97,17.9,-2.7,100.0,29.1,17.77
2021,9,2,12.97,72.9,8.6,2.8,85.3,27.7,16.46
2100,3,26,11.57,75.06,17.0,3.8,73.8,31.9,18.49
2084,5,1,13.59,71.17,11.2,3.4,65.6,31.0,17.86
1926,3,23,10.21,72.27,9.1,-4.4,98.2,27.1,16.61
2033,11,25,11.91,75.88,4.4,0.6,60.2,30.0,17.25
2099,8,22,11.48,71.23,17.0,-1.2,86.3,28.4,17.36
2014,3,27,12.91,75.01,19.7,-2.1,86.4,31.1,18.62
1928,2,7,7.24,76.38,0.0,-1.3,73.3,28.2,16.42
1945,7,11,7.97,73.88,3.2,-1.9,64.5,31.0,17.72
1971,11,22,13.0,72.37,7.5,1.4,67.5,26.3,15.89
2051,12,26,9.27,70.83,11.6,3.5,91.4,28.6,16.94
1944,2,7,13.96,74.3,18.5,4.4,82.8,31.7,18.47
2099,6,5,14.73,72.54,8.5,4.9,97.5,27.0,16.08
2083,11,13,12.71,72.28,13.4,1.9,72.1,25.8,15.97
1994,12,8,13.18,78.17,18.8,-0.8,98.7,26.6,16.72
2055,10,2,9.68,71.86,16.4,-1.3,78.4,30.9,18.32
2009,8,12,9.14,79.28,11.8,-3.5,86.3,30.3,17.97
1998,10,10,9.64,76.37,9.9,1.9,80.8,28.4,16.84
2047,10,27,11.01,75.69,20.0,-4.7,90.8,25.5,16.53
1970,4,6,10.1,76.07,17.8,0.5,84.8,31.0,18.35
1951,12,7,9.13,75.55,1.8,1.0,87.0,26.2,15.61
2097,11,1,11.25,77.96,1.3,3.1,68.0,28.6,16.42
1943,1,24,8.52,73.85,17.1,-3.2,91.0,27.1,16.95
2065,10,9,5.62,79.78,6.1,4.1,82.6,26.8,15.9
2053,3,8,11.56,78.0,12.9,-2.9,68.1,31.2,18.34
1962,3,21,7.73,76.73,14.4,-1.7,91.2,31.2,18.38
1918,7,18,13.02,78.23,10.4,-2.8,74.4,31.3,18.25
1923,2,13,10.08,70.5,19.3,-1.0,61.3,28.2,17.36
1913,12,15,11.56,79.83,10.2,-0.7,64.2,29.0,17.21
2017,3,16,10.1,71.01,14.8,-0.2,62.4,30.9,18.17
2089,9,5,6.96,76.56,5.6,2.7,84.8,29.1,16.87
1979,5,24,14.42,75.89,2.2,0.5,64.5,26.3,15.67
2079,12,27,8.38,78.74,19.9,-2.7,95.4,28.2,17.51
1946,12,13,9.2,71.1,7.5,-4.4,69.6,31.1,18.1
2025,3,1,11.93,77.88,15.5,-0.7,63.8,30.5,18.07
2070,11,7,10.87,73.43,7.5,0.0,81.6,25.2,15.54
2059,5,21,9.76,78.01,2.3,-3.8,93.1,27.9,16.56
1910,11,25,6.63,75.93,4.4,-4.2,97.9,27.7,16.61
2090,7,10,8.68,78.75,19.0,-4.4,94.6,25.4,16.42
1905,7,27,10.03,72.24,8.3,-2.7,98.6,26.2,16.13
1947,5,28,11.34,72.02,4.7,2.0,90.5,30.0,17.23
2015,12,17,12.62,71.07,15.1,4.6,66.2,26.9,16.35
1958,8,22,6.14,78.72,2.5,2.2,64.7,30.0,17.08
2004,6,26,6.83,73.44,14.1,-3.4,90.1,31.5,18.57
1936,1,20,9.5,76.19,13.3,-4.0,70.9,29.1,17.58
2096,8,20,11.59,70.92,12.5,2.2,77.7,28.0,16.79
2058,11,3,11.1,77.04,16.7,-3.7,70.9,25.7,16.37
2049,11,12,12.03,76.31,19.0,0.1,97.4,28.7,17.52
2067,9,25,12.75,72.66,6.7,1.8,89.4,26.6,15.97
1973,2,13,11.36,72.82,13.5,0.7,76.0,28.9,17.28
1989,7,11,13.49,71.05,18.2,2.3,87.7,30.8,18.2
2018,8,24,6.26,79.83,4.7,-2.1,86.4,27.6,16.47
1966,3,16,5.48,73.03,5.4,2.5,95.5,31.7,17.92
2096,8,1,7.54,71.85,0.5,0.6,98.0,27.0,15.89
2026,1,12,11.42,77.49,17.5,4.6,83.3,27.8,16.85
1912,7,25,5.51,72.93,5.9,-1.3,93.1,29.4,17.21
1992,10,26,12.27,72.57,16.4,0.3,95.5,25.8,16.22
1985,1,3,11.84,76.39,19.3,1.2,84.3,28.4,17.35
1938,1,17,6.19,78.8,5.6,-4.1,68.9,26.2,16.03
1902,7,15,9.51,74.36,4.4,-0.1,98.9,28.7,16.8
2089,12,26,10.6,70.34,10.7,-0.1,73.1,25.0,15.61
2024,11,24,13.93,74.99,1.6,3.1,96.0,25.3,15.14
1910,11,7,6.48,70.3,17.5,-1.8,79.9,25.1,16.08
1983,9,26,5.52,73.74,4.9,3.1,81.3,29.0,16.77
2099,4,14,13.53,76.63,9.5,-2.1,79.2,27.9,16.82
2091,5,28,6.84,74.5,13.8,-2.4,92.3,30.4,18.06
1951,2,21,9.36,70.52,8.0,-2.8,91.7,28.7,17.11
2029,5,15,11.08,77.13,8.6,1.8,83.4,27.7,16.5
1902,2,21,8.51,72.67,2.7,1.2,76.1,30.5,17.35
1922,8,17,7.41,75.86,12.1,1.0,72.8,30.0,17.63
1916,12,13,11.22,74.99,2.7,-1.9,82.9,29.3,17.03
1936,2,26,9.78,71.52,3.1,3.7,78.2,28.3,16.37
2017,5,20,9.51,70.61,11.0,-2.5,98.5,30.3,17.89
2020,12,23,9.24,78.39,11.2,-3.7,68.0,28.0,17.01
1989,2,7,5.08,79.95,1.7,-3.6,63.1,30.9,17.69
1991,2,5,12.68,73.32,13.3,1.2,82.3,27.4,16.65
2091,4,27,9.35,72.7,11.2,-3.9,76.8,25.9,16.19
2055,9,3,13.63,78.62,5.5,3.2,95.9,25.4,15.37
2018,5,17,13.86,79.17,8.5,2.1,94.7,27.6,16.45
2010,8,22,6.27,70.32,17.4,-1.4,94.6,26.4,16.59
2017,5,6,12.74,78.31,7.1,4.1,64.9,31.0,17.61
1971,1,2,9.48,78.3,19.3,-2.6,89.7,27.2,17.06
1918,8,20,11.78,77.54,4.4,-2.7,76.8,31.8,18.15
2012,10,10,7.95,75.68,12.9,3.3,92.4,29.3,17.29
2097,6,24,12.26,77.7,0.1,-3.5,94.5,28.7,16.75
1997,7,4,8.67,79.53,7.6,-0.6,67.7,26.0,15.88
2083,3,12,14.47,78.86,14.3,4.3,86.8,31.5,18.19
1970,5,5,12.27,75.94,9.9,2.7,85.7,29.3,17.17
2022,5,15,9.93,71.79,9.6,2.2,98.7,26.0,15.87
2084,3,10,11.71,77.69,5.0,-1.2,91.7,29.1,17.04
2026,8,5,11.39,76.58,5.3,-1.6,96.7,26.8,16.16
2071,4,24,13.21,71.82,11.8,-0.1,68.4,30.4,17.82
2098,12,26,7.19,78.24,11.4,-3.7,87.8,27.2,16.72
1924,9,20,14.81,78.48,2.6,-0.6,83.1,26.1,15.68
2019,4,9,7.76,79.86,16.3,0.7,63.5,31.2,18.32
1981,4,1,11.64,72.12,12.3,-0.9,80.8,29.1,17.38
1933,2,11,5.08,70.35,12.1,0.9,67.6,29.9,17.59
2072,10,4,8.73,70.69,7.0,-1.6,94.8,32.0,18.32
1928,6,17,9.5,71.03,11.1,-0.2,87.6,31.9,18.41
1913,12,16,9.69,77.0,12.2,-1.6,71.2,28.7,17.24
2016,2,20,10.14,73.58,10.2,4.4,99.1,26.0,15.79
2073,9,28,10.31,71.95,9.6,-2.7,78.6,26.5,16.29
2070,3,5,12.01,76.9,16.4,-4.1,83.2,26.7,16.79
1900,11,3,8.7,71.07,0.6,0.9,66.3,30.8,17.37
2066,8,27,12.36,75.22,0.8,-1.9,75.9,25.2,15.29
2021,11,22,9.5,78.08,17.4,0.5,78.8,30.2,18.0
1996,3,3,5.62,76.25,19.5,-4.7,97.8,25.5,16.51
2007,12,11,6.96,73.33,3.8,0.7,61.5,27.5,16.22
2087,11,21,5.86,75.15,12.4,-2.7,94.7,26.1,16.29
1931,9,13,10.69,71.45,4.3,0.8,97.1,28.6,16.71
2004,4,5,13.09,78.36,11.3,-2.8,79.4,29.9,17.74
1955,2,6,7.07,78.59,17.1,3.0,81.3,30.4,17.95
1903,10,27,13.97,78.37,14.6,4.7,98.9,25.1,15.63
2011,1,12,12.73,70.7,18.0,2.6,62.4,25.7,16.11
1948,5,2,5.66,78.54,17.3,0.9,87.1,31.4,18.47
2046,6,6,6.95,76.82,17.0,-2.5,68.1,26.0,16.44
2030,3,7,9.64,72.16,17.6,3.0,84.3,28.9,17.37
1974,10,1,13.86,78.63,16.3,0.1,68.9,31.1,18.32
1946,2,17,12.04,79.81,7.5,-4.5,85.0,28.6,17.12
1972,7,4,10.13,78.48,7.9,-4.5,79.4,26.5,16.3
2059,1,4,10.11,73.64,20.0,3.0,66.1,25.7,16.2
2068,1,2,11.8,73.25,17.6,1.0,73.2,30.2,17.98
2034,2,26,10.68,78.71,17.1,1.1,99.9,29.8,17.82
2037,2,25,10.54,74.22,8.0,4.8,83.5,30.6,17.48
2007,1,1,5.94,75.35,12.7,-2.4,97.7,27.1,16.69
1936,3,8,8.42,76.88,6.8,4.2,66.0,26.4,15.76
2028,7,26,5.2,72.49,0.7,3.8,64.6,25.1,14.95
2028,7,4,7.73,79.23,0.8,3.5,64.1,31.7,17.61
2021,7,19,8.69,74.43,8.7,-2.8,63.7,28.2,16.92
2008,4,13,10.4,77.04,19.4,4.6,83.0,31.7,18.5
1944,5,7,13.63,74.86,13.1,-4.9,86.0,29.6,17.83
2047,12,24,6.03,71.1,15.4,1.4,68.0,28.6,17.21
2020,11,24,7.14,77.5,12.1,2.6,66.4,29.8,17.46
1952,10,2,6.54,70.7,8.4,-4.6,93.5,30.6,17.98
1909,1,15,11.58,78.36,3.4,-4.4,99.6,25.4,15.65
2016,7,19,10.07,74.4,6.4,4.6,97.1,26.6,15.83
2013,7,18,14.53,79.65,13.4,0.6,69.0,25.6,15.95
2042,8,11,14.33,76.11,19.7,-3.4,70.0,31.2,18.7
2077,7,3,6.59,73.34,9.0,3.1,98.1,25.3,15.51
2000,6,5,7.73,71.5,10.9,2.2,78.4,29.7,17.39
2099,8,15,9.05,74.51,16.6,4.5,64.8,28.8,17.19
2053,11,17,13.25,70.83,10.5,0.2,92.1,30.4,17.77
1909,7,22,12.9,70.7,8.0,-3.7,64.4,27.7,16.73
2060,10,13,6.48,70.61,18.0,3.1,94.1,31.8,18.56
1984,3,21,7.98,77.51,17.4,-5.0,92.3,29.7,18.09
2040,3,14,13.28,76.31,6.8,0.5,71.8,28.9,16.95
2053,11,17,11.5,74.67,0.4,-1.9,75.7,28.5,16.59
2048,2,13,7.37,75.52,0.9,-4.4,85.6,26.4,15.91
1974,7,17,13.81,75.51,9.6,-3.1,96.8,29.4,17.49
1915,9,12,13.52,71.63,4.6,2.6,62.2,31.6,17.8
1981,5,16,12.75,72.31,0.7,-0.2,63.5,27.4,16.07
2039,6,17,13.28,77.7,2.7,1.1,61.5,27.2,16.02
2077,4,21,10.63,74.85,0.3,-4.3,86.6,29.7,17.2
2020,1,15,11.94,72.79,17.5,1.2,91.1,26.5,16.51
1970,12,14,6.39,72.41,12.9,0.6,88.8,30.2,17.78
2099,5,26,12.65,72.41,10.8,-1.9,76.2,29.8,17.63
2052,11,6,9.24,79.56,2.7,0.8,94.0,30.1,17.23
1978,8,13,14.23,74.15,6.3,-2.7,99.5,28.7,17.03
1949,4,27,6.47,78.33,18.1,1.4,95.9,28.8,17.45
2019,12,11,8.3,70.65,18.7,-1.5,91.4,26.6,16.74
2058,10,7,7.79,75.13,15.4,-0.1,92.1,25.3,15.99
2027,2,27,9.08,70.68,4.8,0.8,71.4,27.7,16.35
2048,2,3,13.52,77.82,16.8,0.3,89.3,27.5,16.91
1967,10,10,12.23,77.09,10.9,0.8,82.3,31.1,18.03
1986,11,14,10.98,77.06,13.1,-2.2,84.3,26.5,16.45
2017,12,20,7.62,78.74,1.1,4.1,90.7,30.5,17.14
1971,9,3,14.42,78.57,3.0,3.3,92.0,31.5,17.68
2056,12,23,5.13,78.35,4.3,4.5,72.0,28.5,16.46
2049,2,27,12.49,72.4,2.7,3.0,83.3,25.8,15.39
1989,8,9,9.49,79.49,16.9,-2.9,72.0,28.6,17.5
1938,9,23,8.63,75.87,7.2,-4.5,79.7,30.4,17.82
2045,4,13,10.06,79.37,1.2,-3.5,62.1,28.6,16.74
1922,11,5,6.59,77.46,16.3,-1.2,84.4,28.2,17.24
2094,11,25,13.63,78.53,5.1,-0.9,95.3,30.8,17.72
2100,12,20,5.08,72.31,3.6,3.9,88.2,26.5,15.67
1973,7,7,13.29,78.7,19.0,3.1,66.7,27.5,16.86
2055,5,10,5.97,71.65,3.0,4.6,89.5,26.8,15.73
1968,3,13,9.18,77.76,5.3,0.6,91.4,30.3,17.45
2014,1,27,13.25,78.54,15.9,2.5,90.3,28.8,17.28
1944,11,28,5.78,76.59,7.8,-4.6,99.4,29.3,17.44
2082,11,26,8.23,70.15,13.9,1.2,71.0,28.1,16.95
1993,8,11,13.13,77.45,7.2,4.8,71.7,31.1,17.63
1997,5,21,6.78,70.77,14.1,0.9,63.2,30.6,17.96
1986,5,19,8.57,79.69,7.0,1.2,69.3,29.8,17.28
1902,1,15,6.55,78.21,4.6,-3.9,96.1,29.7,17.4
2064,5,14,7.71,78.25,14.7,2.4,80.1,26.2,16.18
2100,7,6,13.92,78.05,16.3,1.9,64.0,26.8,16.5
1981,7,20,9.87,79.82,14.9,-0.1,63.5,26.8,16.53
1914,10,16,12.71,75.36,19.0,-3.9,87.9,26.2,16.71
1910,6,18,14.53,78.86,5.8,4.7,82.0,31.4,17.7
2019,8,12,5.14,73.85,2.0,0.0,71.9,29.7,17.05
1906,2,25,7.14,77.94,0.1,-2.3,65.7,28.0,16.39
1991,1,9,8.0,73.6,0.9,-3.3,87.3,25.7,15.58
2009,8,22,6.2,78.62,8.9,1.4,94.0,26.3,15.99
1954,10,5,6.19,77.98,15.3,-1.8,74.1,29.9,17.89
2002,8,13,9.64,77.36,3.3,-3.2,92.2,27.9,16.58
1937,5,6,13.88,77.47,11.3,-0.4,84.0,30.2,17.75
1939,8,13,11.13,76.81,13.4,-4.2,79.2,25.2,16.04
2088,10,15,8.66,75.32,19.7,-1.3,68.8,29.1,17.76
2093,8,21,8.62,79.21,10.7,3.6,64.0,27.3,16.34
1964,6,15,9.91,72.43,16.3,-2.8,72.5,30.3,18.15
1961,8,24,6.79,76.08,6.9,-1.3,84.9,26.1,15.93
2058,4,7,10.5,78.28,9.0,-4.8,67.2,30.7,18.04
1916,7,6,7.14,71.63,16.9,4.5,61.5,25.1,15.72
1916,10,18,10.65,70.21,13.2,-4.3,67.2,28.6,17.38
2033,3,28,9.94,77.61,0.9,3.9,84.0,26.5,15.53
1988,2,19,5.58,72.2,20.0,2.7,84.7,29.6,17.79
1909,6,14,13.17,77.36,9.0,-4.9,78.2,31.8,18.49
1931,6,19,11.44,76.05,10.5,-4.7,83.6,25.3,15.96
1923,3,20,6.09,76.93,16.2,4.4,94.5,25.8,16.0
2090,4,19,12.55,77.61,1.3,-0.3,65.6,25.5,15.35
2098,6,18,7.86,76.1,18.6,3.2,97.6,29.2,17.55
1979,8,8,5.25,70.56,12.7,-0.1,84.9,31.9,18.48
2069,8,24,9.74,71.53,17.3,-0.4,66.6,26.6,16.59
1926,12,8,12.59,71.84,1.2,1.4,88.5,27.7,16.16
1982,6,1,12.37,75.7,10.6,-2.2,84.0,27.2,16.6
2002,8,27,9.59,73.91,12.5,-2.2,89.8,31.1,18.26
1971,11,14,13.72,72.15,5.2,1.6,86.2,26.0,15.67
2074,12,26,9.5,70.75,4.4,0.9,66.5,27.4,16.2
2040,4,2,6.22,74.47,15.6,3.9,94.7,26.6,16.32
1961,6,3,12.72,73.72,18.0,-3.5,79.1,29.2,17.83
1969,3,10,14.01,76.55,14.1,4.0,97.9,31.3,18.12
1940,11,3,9.35,76.18,2.3,2.1,74.8,28.2,16.36
1974,3,18,13.19,77.27,16.2,3.1,61.7,25.5,15.92
2038,9,23,12.26,70.76,9.7,-2.2,66.4,26.7,16.34
2011,10,28,9.92,70.69,5.0,-2.4,77.6,31.5,18.05
2085,5,26,10.58,79.22,9.2,0.9,74.1,28.4,16.85
1907,7,22,13.55,75.4,2.8,-4.0,60.3,26.6,16.04
2012,2,27,14.69,71.99,9.1,-3.4,74.7,27.6,16.74
2079,1,21,9.41,79.76,12.3,-3.8,91.4,27.4,16.86
2063,3,8,13.13,72.62,7.5,-1.0,94.2,31.3,18.04
2004,3,3,5.54,78.95,1.3,3.8,88.4,28.5,16.36
1908,9,17,7.73,70.11,13.8,3.0,69.6,29.6,17.45
1937,5,11,7.5,76.24,9.4,2.2,84.0,27.4,16.4
2028,11,19,13.33,77.3,9.6,-4.2,95.4,25.7,16.07
2078,6,7,5.3,73.11,17.8,0.8,89.0,31.0,18.34
1929,6,21,11.69,77.12,10.0,2.1,74.5,26.3,15.99
1982,7,24,14.69,77.38,2.1,-3.7,69.3,27.7,16.44
1916,3,18,10.92,78.31,6.3,-2.6,77.6,25.4,15.68
1984,11,19,14.72,71.19,4.5,-0.5,65.9,25.6,15.56
1993,7,11,14.58,76.37,12.2,2.5,77.1,26.3,16.08
1979,6,13,12.46,71.67,6.7,2.1,62.2,25.8,15.61
1970,1,12,9.01,72.18,3.1,-1.1,63.5,26.1,15.71
1996,8,25,9.71,71.26,16.1,4.7,65.9,26.0,16.04
1952,8,15,10.28,73.69,18.7,-1.5,79.4,31.1,18.53
2093,1,13,7.26,79.17,11.3,-2.4,71.2,32.0,18.56
1952,9,7,14.11,76.1,15.3,2.2,86.0,26.4,16.3
1986,5,19,11.92,70.51,13.5,-2.5,89.6,30.5,18.09
2002,5,16,6.76,74.35,19.7,-4.9,86.9,31.5,18.92
2055,5,12,9.13,78.2,13.8,0.7,81.9,25.1,15.78
1968,2,21,7.3,75.88,6.3,-1.9,95.7,27.5,16.51
2089,5,28,11.8,75.75,3.8,-4.2,97.3,30.6,17.74
1927,12,12,7.96,78.84,8.7,-2.7,72.6,29.1,17.28
1915,3,22,10.42,77.54,19.4,1.3,68.8,29.4,17.73
1901,10,9,6.45,78.15,18.4,-3.3,67.4,25.6,16.39
2083,7,16,13.84,77.05,14.4,-3.5,89.4,29.4,17.74
2097,1,24,14.77,70.58,6.7,-2.1,95.3,29.5,17.34
1926,7,11,7.38,76.12,4.9,-4.2,88.8,31.0,17.94
2053,4,15,8.86,71.59,12.7,-1.9,73.5,26.1,16.24
2031,11,27,7.77,76.19,10.7,-0.7,64.9,29.6,17.47
1980,8,12,11.62,78.78,15.1,4.4,90.4,28.6,17.07
1926,4,11,9.87,71.21,14.0,4.5,94.4,27.4,16.53
1984,8,7,11.5,79.15,2.3,3.0,63.6,29.1,16.67
2003,7,4,8.5,78.01,18.9,-4.0,93.3,29.6,18.08
1909,9,10,14.07,75.98,9.7,-1.4,67.1,28.9,17.18
1986,7,24,9.09,74.08,13.8,-3.4,80.7,27.0,16.74
2085,4,10,6.5,75.53,9.5,0.2,99.7,29.7,17.44
2100,3,13,7.82,77.21,2.2,2.5,75.7,29.7,16.94
1937,3,24,13.6,78.8,0.9,4.1,89.5,30.1,16.97
2013,6,15,8.83,78.02,3.6,-3.5,81.5,25.5,15.64
1939,8,24,6.48,72.71,4.2,4.6,61.3,26.6,15.68
2083,4,21,13.89,70.42,0.7,4.2,70.5,30.6,17.14
2026,1,8,7.65,75.18,12.6,-2.9,95.6,25.3,15.99
2044,2,18,9.44,76.31,7.8,2.3,94.5,29.6,17.21
1993,4,14,12.76,76.98,8.9,4.0,74.9,28.7,16.8
1965,6,18,12.36,76.7,6.1,4.2,68.6,26.5,15.76
2071,8,12,14.91,76.13,0.8,1.8,78.4,25.2,15.11
1940,4,12,14.41,70.67,11.7,2.7,66.7,31.6,18.16
1950,6,20,14.89,79.55,17.7,-1.4,71.9,30.2,18.11
2038,8,1,11.07,70.46,11.1,-4.6,83.6,29.5,17.67
2092,9,7,13.85,73.83,4.2,2.8,90.7,30.9,17.52
2035,2,26,7.4,77.02,8.8,1.6,63.5,26.7,16.1
2099,7,5,10.48,75.42,19.6,0.1,89.6,29.8,17.98
1989,8,2,5.29,75.51,17.0,-2.8,75.8,27.5,17.07
2081,8,26,14.31,70.81,14.7,3.7,97.3,27.1,16.49
1992,9,26,10.24,76.82,0.3,-3.0,70.2,29.2,16.92
2017,9,2,6.86,71.03,8.4,4.5,84.2,30.4,17.44
2058,5,17,7.26,76.24,11.1,-1.8,76.5,25.1,15.76
1907,12,5,11.12,70.01,0.1,4.0,86.9,28.0,16.09
2095,12,15,7.8,77.75,17.9,-2.2,63.9,30.7,18.35
2021,8,9,5.59,72.19,0.2,-4.2,98.1,31.8,18.04
1906,3,20,9.35,72.05,6.7,3.2,76.0,25.0,15.25
1984,3,14,7.8,78.58,12.6,0.3,88.6,30.1,17.74
1973,9,10,10.32,78.39,2.4,4.2,73.4,26.3,15.5
1998,3,19,8.27,71.19,11.2,0.2,69.9,25.2,15.7
2027,12,12,11.74,75.37,16.3,-3.0,78.8,27.1,16.88
1944,6,10,6.97,78.9,19.5,-3.6,67.5,30.9,18.58
1982,10,5,12.07,71.77,5.2,-1.9,75.4,25.0,15.43
1996,4,22,13.44,77.91,0.3,1.6,93.9,29.8,16.95
2019,6,22,6.92,71.21,16.6,1.8,65.1,31.5,18.41
1936,1,12,8.36,78.64,0.6,0.3,81.5,31.3,17.62
2039,9,21,8.68,77.08,12.6,-4.0,73.4,25.8,16.22
2002,2,5,8.24,73.96,12.8,2.3,89.7,26.6,16.25
2094,5,7,14.23,74.31,3.5,-2.8,71.1,31.7,18.07
1923,1,13,13.41,78.45,17.1,-3.1,99.2,26.0,16.51
2030,11,21,5.46,74.54,9.7,-2.2,97.9,31.1,18.13
1914,12,22,13.41,75.72,12.3,-3.5,64.7,29.7,17.73
1957,11,18,6.82,79.74,13.4,3.5,82.1,28.7,17.06
1972,11,19,9.46,78.04,17.6,0.7,92.0,30.4,18.1
2084,10,23,5.37,70.69,11.3,3.6,78.8,27.8,16.58
1937,10,20,12.41,76.83,18.0,3.7,92.2,32.0,18.61
1991,5,17,6.13,74.68,14.7,-3.2,94.3,27.2,16.87
1906,4,9,14.26,76.96,8.9,0.2,94.5,26.9,16.29
1967,1,23,5.18,79.32,17.6,-1.1,69.3,27.9,17.16
1976,10,14,5.17,74.77,4.9,-2.7,84.8,31.4,18.02
2100,2,13,5.66,79.15,13.8,-2.5,85.0,28.9,17.46
2011,8,23,13.05,71.53,3.5,-3.0,71.3,27.9,16.56
1926,8,20,12.95,70.68,19.5,4.1,68.9,28.5,17.24
2025,8,15,14.63,72.56,5.6,-2.4,96.0,27.5,16.5
1999,1,3,11.71,70.66,0.8,0.5,84.9,27.8,16.22
1943,11,1,9.21,79.55,17.3,-2.4,92.3,28.5,17.48
2037,8,3,8.43,71.85,15.9,3.4,85.1,29.4,17.47
1981,2,19,14.63,78.02,6.9,-0.7,93.4,26.7,16.15
2085,2,20,13.02,77.1,5.3,-1.9,63.0,30.6,17.66
1933,3,18,13.22,77.65,4.0,-0.6,93.9,29.6,17.16
2008,12,17,6.07,72.65,4.1,-0.3,92.8,25.7,15.59
2003,7,23,11.04,74.06,2.3,0.6,70.5,31.1,17.6
2022,9,27,9.35,79.52,5.0,1.9,93.2,26.4,15.81
2030,1,8,8.18,71.42,4.5,1.8,99.0,30.0,17.23
2003,9,17,14.36,74.4,14.9,-1.6,87.5,27.5,16.91
1908,11,1,7.15,75.19,3.3,4.5,77.2,27.9,16.18
2015,2,11,11.63,78.88,19.9,3.6,63.8,26.3,16.4
1971,11,15,5.12,74.65,13.7,0.5,73.6,26.5,16.33
1979,7,15,13.93,70.26,3.6,4.2,87.2,31.9,17.82
1965,3,8,14.32,78.34,11.4,4.6,81.4,28.0,16.62
2039,11,11,6.02,72.83,15.0,-2.6,98.8,27.7,17.06
2074,5,20,9.31,73.6,2.0,0.8,78.4,25.7,15.42
2059,11,19,8.51,72.64,5.7,-2.6,66.3,28.3,16.8
1985,1,8,13.06,73.8,18.5,-3.6,97.6,29.7,18.08
2066,12,13,8.17,77.62,17.5,1.9,90.3,30.4,18.03
1916,8,5,6.78,74.36,16.7,0.2,67.9,30.4,18.05
1943,3,14,8.55,76.3,1.2,-0.8,78.4,25.1,15.22
2055,12,19,12.09,70.03,18.5,4.1,69.0,29.3,17.51
1941,9,13,12.08,73.41,18.6,3.4,70.4,25.5,16.03
1963,10,3,10.29,79.44,10.1,-1.1,84.8,25.3,15.76
2005,3,3,12.61,71.6,6.1,-4.7,94.0,30.5,17.83
1957,11,3,9.04,75.54,0.4,-4.0,64.5,29.6,17.12
1986,5,6,7.83,75.38,17.9,-0.4,86.2,25.2,16.08
1971,9,11,13.53,76.15,15.6,2.2,95.2,27.0,16.57
1984,8,14,14.21,79.84,10.0,-2.9,69.1,27.3,16.63
2030,3,16,10.65,71.61,4.9,4.7,62.0,27.1,15.91
2082,10,28,13.05,74.61,2.6,-1.6,64.9,25.2,15.35
1960,9,8,6.38,70.91,8.3,-4.2,76.9,26.3,16.22
2066,2,22,9.74,77.69,13.5,-3.6,81.3,25.1,15.98
1956,3,14,14.06,77.23,11.2,-3.7,65.9,31.5,18.41
1918,7,11,5.85,76.8,17.7,-1.7,96.4,27.4,17.03
1946,3,13,5.34,70.68,5.5,2.3,81.3,28.9,16.8
2056,9,16,14.08,75.49,5.7,2.9,67.0,31.2,17.69
2068,6,21,7.24,75.03,19.0,0.6,89.2,31.2,18.49
1922,10,16,14.62,72.64,16.8,1.0,99.9,28.7,17.37
1908,10,21,10.82,78.43,16.7,3.7,78.0,29.2,17.41
2096,1,23,12.33,79.97,6.9,-2.4,62.1,29.6,17.37
2091,1,3,8.67,72.9,19.4,1.4,75.2,27.5,16.98
2035,7,7,8.62,75.16,9.6,-3.0,65.7,25.5,15.9
2001,9,12,7.6,79.04,6.0,-1.6,84.2,30.0,17.46
2040,6,16,6.28,70.99,4.0,-3.6,85.4,30.4,17.63
1940,10,25,6.87,79.62,13.2,1.9,89.2,27.7,16.73
2048,6,14,11.71,72.93,8.6,0.4,95.5,29.4,17.27
1978,5,7,7.25,76.73,8.4,0.9,86.2,30.8,17.78
1908,3,20,11.29,76.91,6.0,-1.8,66.2,28.9,17.02
1941,8,23,13.94,79.71,13.4,-1.6,87.4,29.0,17.44
2084,9,18,12.0,73.8,5.3,-4.0,95.2,28.6,17.0
2025,12,2,11.21,71.25,8.2,-2.8,63.1,29.0,17.21
1924,4,13,14.62,70.1,13.0,0.8,64.9,25.1,15.71
1925,4,1,9.7,70.21,9.8,-0.4,89.1,26.9,16.36
2088,9,19,13.32,79.77,10.7,1.5,87.0,28.1,16.79
2052,4,13,10.01,70.53,5.4,-2.7,70.2,28.6,16.92
2097,1,12,11.06,72.47,5.5,4.1,88.1,28.5,16.56
1920,2,15,6.8,77.79,19.1,-0.4,82.9,29.9,18.02
2096,4,23,10.14,76.82,15.3,-2.2,96.8,29.1,17.61
2052,8,6,9.48,71.34,16.3,4.1,77.6,28.3,17.01
2036,9,24,14.47,75.55,6.2,-1.1,63.0,27.2,16.31
1977,9,13,12.12,72.49,3.0,4.4,67.3,31.3,17.52
2040,11,12,5.17,73.44,7.6,3.6,90.7,27.7,16.37
2087,2,12,12.27,71.69,5.7,-0.3,78.2,26.2,15.86
2083,7,25,13.85,72.1,10.8,-4.7,81.0,30.6,18.1
1993,9,7,7.64,74.04,2.5,0.8,80.1,29.6,17.01
2081,8,23,14.85,71.67,12.8,4.1,72.8,30.5,17.71
2085,7,7,11.61,76.31,2.4,-4.7,62.5,31.3,17.94
1903,6,27,7.63,75.4,10.3,3.2,82.3,25.7,15.72
2072,7,18,12.54,72.18,10.2,-3.7,89.8,31.8,18.5
2039,5,23,10.15,79.56,6.2,-4.6,82.0,25.3,15.74
2030,1,8,10.0,71.08,12.7,-0.8,83.3,26.3,16.28
1944,5,19,8.07,76.73,10.1,-4.0,85.4,29.4,17.55
1998,10,8,12.77,75.12,8.9,2.8,75.7,25.6,15.62
2001,12,22,6.76,79.91,15.8,-1.2,96.3,28.1,17.19
2017,10,21,11.28,77.7,6.6,-1.2,84.1,29.9,17.43
2097,8,24,14.6,73.2,11.9,-2.1,98.0,26.7,16.48
2007,6,6,14.65,75.29,1.3,2.1,65.1,29.7,16.91
1912,7,25,7.0,79.92,17.3,3.4,95.6,30.6,18.03
2015,2,3,13.12,75.82,11.1,-0.6,73.7,26.0,16.06
1904,6,26,11.71,74.41,2.1,2.0,79.6,28.8,16.6
1998,7,16,9.93,75.92,12.5,1.5,83.4,25.3,15.75
1960,4,25,10.73,78.64,11.7,3.5,82.3,27.9,16.65
2069,3,23,9.63,73.77,17.2,-3.9,95.0,26.6,16.79
1998,8,16,11.83,74.43,6.5,-4.9,70.1,28.5,17.04
2062,12,5,5.2,72.79,6.7,3.8,73.0,25.0,15.22
2031,12,12,6.08,70.12,17.3,0.3,67.0,26.9,16.68
2050,8,8,8.61,74.78,0.3,-4.4,92.0,30.1,17.37
2083,3,20,14.79,77.54,17.8,-2.6,78.4,31.4,18.66
2018,6,20,13.81,75.12,19.0,1.1,65.8,28.6,17.4
2017,1,27,13.11,75.46,4.2,0.4,79.3,28.6,16.71
1915,6,23,13.34,78.75,9.5,2.5,86.0,31.8,18.16
2071,2,9,14.01,78.84,8.4,3.0,95.1,29.3,17.09
2051,5,16,12.13,71.84,1.6,0.8,99.8,30.4,17.3
2087,2,27,11.39,72.72,2.6,3.7,94.6,30.5,17.24
2089,7,26,13.83,75.23,18.6,1.6,72.7,30.8,18.24
2088,4,20,6.64,70.63,14.1,-3.5,69.7,26.5,16.55
1997,12,16,9.96,75.28,14.7,-4.1,98.9,30.2,18.12
1940,8,12,9.15,77.4,8.4,3.0,66.4,25.1,15.38
1979,7,19,11.34,78.28,17.3,-2.4,85.1,27.7,17.15
1979,12,1,11.92,77.81,18.1,-3.7,65.0,26.5,16.76
1996,11,16,13.02,77.99,18.1,3.9,84.4,28.2,17.07
1935,4,13,6.82,73.14,12.1,3.8,86.6,30.0,17.5
2051,7,13,10.38,79.93,17.1,2.2,69.6,29.3,17.53
1937,6,2,6.43,74.89,11.7,-4.3,61.1,28.7,17.34
1916,6,13,6.68,72.17,1.4,-0.9,100.0,31.1,17.66
1953,5,28,10.48,71.18,6.5,-0.5,81.3,31.3,17.95
2051,12,7,6.68,76.64,14.8,-2.0,93.7,30.4,18.09
2078,12,22,12.55,74.6,6.7,3.7,99.8,28.3,16.57
2075,6,12,14.07,77.3,9.9,1.2,95.6,31.1,17.97
1948,1,8,13.69,76.87,3.8,-0.2,65.3,31.3,17.79
2049,7,26,14.76,78.53,12.6,1.0,93.0,25.7,15.95
2028,7,12,9.46,70.43,11.3,1.0,67.6,27.6,16.62
1911,7,15,6.3,78.79,14.0,-1.4,86.8,25.3,15.98
1904,10,28,10.27,79.66,14.6,3.7,97.6,29.5,17.44
1961,1,5,14.16,73.83,17.7,2.2,60.7,27.9,17.0
2008,1,17,14.2,75.62,7.3,5.0,74.9,30.6,17.43
2050,4,1,12.72,71.62,17.3,0.3,95.7,29.9,17.91
2031,5,5,10.01,73.0,6.3,1.0,76.0,25.4,15.5
2021,11,26,12.49,73.92,9.5,-4.0,85.9,27.2,16.64
2088,10,24,14.69,74.23,19.6,1.6,76.0,27.1,16.82
1907,1,5,12.53,73.11,9.8,3.4,96.0,30.5,17.62
1960,4,5,14.15,72.6,10.9,3.1,79.3,26.2,15.95
2007,7,26,6.69,71.44,0.8,-0.0,86.7,31.5,17.73
1947,6,4,6.04,70.97,10.8,-2.8,61.4,26.9,16.5
1946,1,19,10.67,78.1,5.7,-1.2,63.8,26.8,16.13
2022,9,7,5.86,74.07,18.5,-1.2,63.7,29.1,17.69
1907,4,11,14.03,71.24,13.5,1.6,86.6,25.6,15.92
1924,12,25,5.22,76.11,11.6,-3.6,89.8,25.8,16.17
1936,9,9,10.76,72.17,0.7,0.0,77.2,27.6,16.15
2091,5,2,6.84,70.66,14.5,-0.7,60.4,25.7,16.1
1924,12,14,5.3,71.9,15.8,2.2,93.9,28.9,17.33
2004,7,9,13.58,75.44,1.7,4.4,84.0,29.0,16.55
1930,7,28,6.76,75.3,6.6,4.6,62.4,26.9,15.92
2086,1,6,13.79,79.31,3.7,-3.2,82.1,30.6,17.67
1996,7,20,11.95,77.28,7.3,2.5,70.1,26.2,15.79
2041,2,27,6.82,71.49,11.6,2.1,90.6,30.1,17.61
2049,5,25,13.65,78.85,13.6,-4.3,61.2,29.2,17.64
2025,9,6,7.76,71.21,7.0,1.9,76.9,30.1,17.37
1979,11,26,6.05,79.2,12.4,4.3,85.7,26.7,16.17
2023,11,4,12.98,75.31,4.7,-0.6,76.8,31.5,17.94
1940,8,4,8.79,71.48,18.6,-1.0,88.0,26.7,16.75
1946,5,28,10.18,70.72,15.8,-2.8,85.2,30.7,18.3
1915,6,8,13.01,75.97,16.9,-4.2,80.7,30.7,18.42
2046,6,14,8.06,76.86,13.7,-3.1,76.9,26.1,16.36
2041,1,4,10.15,70.97,14.5,-4.5,70.8,29.2,17.7
1971,7,15,5.23,77.16,5.2,4.3,71.7,26.7,15.8
1986,8,25,14.31,78.95,11.8,-2.2,84.9,27.9,16.94
1987,3,18,6.27,70.84,7.6,-0.8,62.4,29.8,17.4
2013,12,19,5.27,74.3,6.8,-2.5,66.8,28.7,17.01
1922,6,6,7.59,71.19,4.2,2.8,87.4,31.2,17.64
2016,1,23,7.28,75.31,8.3,-3.3,72.1,27.1,16.49
1973,8,21,14.02,77.55,16.9,4.2,66.8,25.9,16.06
2024,7,23,7.82,74.34,18.3,3.5,76.3,31.8,18.54
1952,4,17,6.97,70.6,9.1,-3.3,82.4,26.3,16.22
2098,6,25,8.17,70.02,5.3,-0.0,74.0,28.1,16.58
1995,11,17,13.01,72.49,9.8,-0.4,90.1,27.5,16.6
2041,2,24,9.76,74.26,3.7,-4.4,80.8,31.2,17.97
2033,4,4,8.09,76.86,5.3,-1.3,79.7,27.0,16.21
1932,9,24,6.46,78.11,11.1,-1.6,68.0,31.2,18.18
1915,1,1,6.41,74.3,1.0,1.8,65.6,26.0,15.43
2000,4,6,13.53,73.34,12.8,-4.3,70.7,25.6,16.17
1947,3,11,10.13,73.05,3.1,-1.0,60.3,29.3,16.99
2028,10,2,14.41,74.48,3.4,2.9,61.2,31.8,17.81
1960,11,9,5.15,71.1,15.8,-2.6,73.1,25.0,15.99
2062,11,10,7.08,72.65,8.6,4.2,98.9,28.9,16.88
1946,6,1,10.13,73.28,10.6,3.4,63.5,28.5,16.82
2027,9,24,11.93,76.19,5.0,0.8,68.0,28.1,16.52
2075,2,18,9.86,79.03,16.2,-3.8,83.6,31.2,18.56
1931,1,8,6.06,73.89,3.9,-2.7,92.2,30.8,17.74
2051,11,12,9.47,76.55,19.0,1.8,75.5,25.1,15.98
2011,11,10,11.87,72.18,3.6,-2.3,85.8,25.3,15.5
1974,4,22,6.89,73.09,12.3,2.9,71.6,30.1,17.58
2069,4,10,6.09,76.83,15.0,-1.1,94.2,30.6,18.14
2099,12,2,10.82,76.71,15.1,-2.6,64.9,31.0,18.35
1914,12,3,8.37,74.11,10.0,-2.8,73.7,29.6,17.55
1980,12,26,13.34,76.61,15.7,4.1,70.6,29.7,17.53
1985,11,14,14.81,71.73,3.8,1.4,65.6,29.5,16.99
2075,3,3,13.64,74.49,11.6,1.4,61.6,29.2,17.25
1910,11,16,7.69,75.91,2.5,3.5,65.5,25.4,15.18
1977,11,12,13.78,70.41,5.8,-0.5,97.2,28.2,16.69
1933,11,22,12.45,73.08,0.4,-0.9,84.3,25.5,15.35
1962,11,5,12.67,70.51,4.5,-5.0,83.5,26.4,16.12
1907,11,26,7.73,71.68,14.5,1.9,65.3,27.8,16.82
1941,11,1,12.82,78.09,9.9,3.6,76.4,27.3,16.31
2004,4,16,14.49,70.8,13.8,0.7,90.8,25.7,16.03
2090,11,24,10.22,70.9,14.3,-4.4,97.8,31.2,18.51
1913,5,15,11.52,73.47,14.4,4.8,79.0,27.6,16.6
1985,8,16,6.21,76.18,17.7,1.5,96.1,28.7,17.39
1961,1,1,13.82,73.09,18.7,3.3,61.6,26.4,16.39
2023,1,13,10.31,73.37,17.0,0.4,84.4,27.4,16.87
1974,5,23,6.14,75.35,6.4,-3.1,75.0,26.9,16.31
1997,3,8,10.67,74.33,4.2,0.6,87.1,29.7,17.15
1968,6,5,12.08,73.07,16.0,2.2,72.5,30.6,18.0
2012,1,10,12.2,74.99,2.4,1.2,96.0,27.4,16.12
2095,7,19,11.92,70.51,19.2,-3.7,77.9,26.2,16.7
2032,4,1,9.16,76.23,3.4,0.9,91.2,26.2,15.7
2012,7,9,7.72,74.76,0.1,0.4,72.1,26.0,15.46
2042,10,19,8.18,76.9,19.0,1.3,63.1,25.1,15.99
2010,8,20,12.74,71.5,1.9,5.0,60.1,25.2,14.99
2056,10,2,14.11,78.6,6.7,3.9,66.3,30.4,17.37
1982,3,12,7.48,75.89,19.4,0.0,98.1,29.0,17.67
2003,2,16,9.59,77.29,18.8,3.1,77.2,27.8,16.98
2068,1,6,8.06,73.33,4.4,-4.8,65.4,26.1,15.97
2077,6,1,10.28,76.09,16.9,1.1,70.6,31.8,18.58
2009,12,21,14.32,79.22,19.4,0.7,66.1,31.1,18.44
2014,12,1,14.0,71.6,6.3,-0.7,85.3,30.3,17.56
2095,11,12,8.95,72.04,3.5,0.9,88.3,26.9,15.98
1925,10,19,14.53,70.43,13.0,3.9,79.7,26.4,16.09
2012,7,28,11.09,71.03,17.9,-3.0,61.3,28.1,17.35
1940,10,16,6.77,78.7,19.4,1.3,63.9,31.4,18.53
2033,4,15,7.91,74.78,16.3,4.1,78.0,27.5,16.69
2097,11,9,10.21,70.35,6.4,-1.4,93.5,25.6,15.72
1964,3,21,13.79,78.25,10.2,1.5,83.2,26.6,16.16
1989,10,18,14.98,74.65,6.0,0.6,85.9,25.9,15.72
2017,8,20,6.54,76.89,3.7,0.5,81.5,28.1,16.48
2055,7,17,5.11,72.22,5.6,-1.0,61.7,28.5,16.79
2099,3,7,6.73,70.63,0.2,0.8,83.7,25.7,15.33
2036,4,2,12.57,77.01,9.5,0.5,88.2,30.4,17.7
1947,7,9,7.34,77.81,3.1,-1.2,77.2,27.6,16.33
2090,3,5,8.87,71.26,7.4,-0.3,98.2,31.1,17.92
2090,4,14,12.94,78.03,8.7,0.1,68.9,30.2,17.58
2012,4,1,6.29,72.36,8.6,-1.0,72.1,31.9,18.31
2069,10,16,12.38,75.88,7.6,0.8,91.6,28.9,16.99
2086,8,25,12.67,77.31,4.1,-1.0,93.3,30.8,17.67
1965,6,7,13.02,73.32,13.7,0.2,81.1,30.6,18.0
2030,8,16,11.78,71.02,3.5,-2.7,81.6,25.0,15.39
2067,10,9,7.3,75.12,4.9,2.6,95.7,27.3,16.13
2085,9,18,10.65,79.28,2.4,-1.6,69.0,28.6,16.71
2017,10,8,6.15,73.82,11.8,-3.2,91.1,30.3,17.96
2013,7,9,9.26,76.67,19.8,3.9,67.9,30.3,17.98
1933,4,2,10.73,79.26,9.7,1.0,74.3,28.7,16.99
2073,7,3,5.37,79.46,3.4,0.4,95.3,28.6,16.69
1946,3,10,10.1,74.2,16.5,4.3,92.4,31.5,18.3
2057,1,17,12.67,79.01,7.7,0.3,63.1,30.2,17.51
1964,12,2,9.12,71.54,12.6,0.0,92.6,26.5,16.32
2030,1,24,6.87,79.43,13.5,0.3,97.8,28.3,17.08
1952,4,26,8.66,75.89,3.4,-2.5,60.4,29.6,17.2
2027,8,27,7.87,76.77,11.9,-4.2,77.9,26.4,16.44
2046,9,19,6.32,72.64,16.6,3.2,98.0,31.0,18.17
1944,5,10,10.14,76.11,0.4,4.5,88.1,25.4,15.04
2004,8,10,11.4,76.17,6.3,-4.7,78.5,30.8,17.95
2086,2,2,11.13,71.72,10.2,3.8,65.1,31.8,18.11
1900,2,20,5.4,72.74,19.7,-0.4,67.9,29.8,17.99
1931,2,20,9.76,74.11,10.0,-1.5,73.8,26.4,16.21
2098,9,9,10.81,78.53,6.7,-4.1,83.8,30.4,17.78
2068,3,11,14.17,73.99,15.5,-3.0,84.2,31.2,18.49
1959,9,8,14.59,76.74,2.4,4.3,85.9,31.9,17.75
2051,8,28,6.49,76.35,2.1,1.7,74.8,31.3,17.61
2042,11,16,7.85,70.72,11.0,1.1,73.3,30.8,17.89
1928,9,9,11.29,77.45,16.1,4.9,93.0,25.1,15.69
2053,10,23,5.22,71.0,9.0,-2.6,64.8,27.2,16.52
1971,9,1,13.16,76.99,17.9,4.9,96.1,28.5,17.15
2058,9,11,7.7,77.04,5.3,1.6,87.5,28.1,16.51
1988,5,3,5.55,72.08,2.0,1.2,85.8,27.2,16.01
2092,10,23,7.35,73.97,16.6,-2.6,69.2,30.5,18.23
2022,5,18,14.75,70.96,3.8,1.2,82.9,26.2,15.69
1906,12,24,12.53,73.79,3.2,-0.9,67.2,28.7,16.75
1941,11,22,7.3,76.44,11.0,4.1,90.8,25.7,15.72
2074,6,15,11.26,71.45,9.5,-3.6,97.7,28.5,17.15
2067,4,27,14.56,79.63,17.6,3.4,70.1,28.7,17.26
2050,8,7,5.73,75.38,8.1,3.9,77.5,26.5,15.89
2060,6,16,9.4,79.9,10.5,-0.7,80.6,26.4,16.2
2064,3,22,11.74,74.47,13.5,3.4,82.0,31.7,18.27
2081,1,13,10.75,77.16,3.5,1.7,96.8,29.1,16.83
2063,2,10,11.83,79.47,13.7,-4.3,68.1,30.4,18.13
1956,12,27,7.61,74.88,18.0,-3.3,97.4,29.0,17.76
2037,4,3,10.29,78.73,18.2,-4.1,81.5,31.7,18.88
2087,2,13,8.64,70.69,7.4,0.2,66.2,30.5,17.63
2061,10,9,12.71,72.17,14.1,-4.8,69.7,27.5,17.01
2050,12,4,10.56,72.52,14.6,-0.5,65.5,26.4,16.38
1941,8,8,10.65,70.53,10.7,3.8,88.2,29.3,17.15
2059,9,4,9.51,76.43,5.2,-1.2,85.1,28.7,16.89
2009,8,2,8.67,71.66,14.8,-1.2,78.9,31.6,18.52
1931,10,5,14.98,73.96,7.2,-3.9,84.3,29.9,17.6
2040,6,8,7.86,74.56,19.2,-0.1,82.7,29.3,17.77
2050,3,4,12.22,72.94,8.6,-0.3,77.3,26.4,16.08
1912,11,10,6.28,79.34,6.2,1.5,96.8,30.1,17.37
2010,1,2,9.09,70.34,9.2,-1.5,94.1,31.3,18.15
1994,4,10,8.6,70.34,4.8,0.6,92.8,29.4,17.06
1955,2,27,9.23,78.03,9.1,-2.2,97.8,28.1,16.9
1932,9,16,11.31,76.3,19.1,-1.6,96.2,31.7,18.81
2006,2,17,5.34,70.58,12.7,0.0,79.0,31.2,18.19
2074,7,28,5.89,79.11,13.3,-3.2,97.4,27.0,16.72
1932,11,16,5.91,78.17,13.3,-0.3,78.9,26.0,16.16
1945,1,16,8.82,76.11,4.4,-3.1,74.8,26.4,16.01
2046,9,18,6.16,74.75,13.4,-4.9,98.8,28.8,17.53
2081,11,12,14.15,79.98,5.6,-4.7,95.1,26.2,16.09
1963,6,5,7.91,79.99,13.2,4.6,80.4,28.9,17.07
1979,12,1,9.94,78.2,3.7,3.8,88.4,31.3,17.6
1901,6,6,7.21,70.95,18.0,0.4,80.8,31.1,18.4
1914,1,7,6.93,78.95,3.6,-3.8,79.0,27.2,16.33
2057,12,14,14.26,73.45,7.1,-1.1,94.7,29.8,17.42
1910,2,9,14.32,70.44,17.1,1.4,70.4,29.3,17.58
1941,10,3,7.89,72.86,4.5,-4.4,70.6,31.0,17.92
1999,3,28,7.85,77.1,7.3,0.7,88.7,30.7,17.7
1913,10,17,9.34,74.69,3.8,4.6,75.2,27.1,15.88
1995,7,4,10.48,70.77,14.6,-1.0,65.5,27.1,16.69
2098,1,22,9.57,76.14,19.3,2.1,65.2,29.5,17.73
2076,10,27,6.94,76.72,19.3,2.8,89.8,26.5,16.51
1939,7,2,14.83,70.12,6.0,4.3,66.0,30.9,17.51
2045,9,27,13.98,72.7,1.3,-4.5,85.6,25.5,15.58
2056,9,18,12.01,75.66,2.2,-3.6,67.2,31.0,17.76
1952,3,13,14.69,79.33,0.7,2.4,77.9,30.3,17.11
1953,10,7,8.4,70.57,9.9,-1.1,67.6,29.0,17.22
2052,2,18,11.4,79.83,7.9,0.3,77.7,30.8,17.78
2033,7,5,9.38,72.64,17.2,-1.2,95.2,26.9,16.78
2058,10,17,11.02,77.43,7.4,-1.4,80.1,28.6,16.96
2028,7,8,13.46,76.96,9.7,-4.6,84.7,26.0,16.2
2041,9,1,5.81,70.51,15.6,-0.2,65.2,30.6,18.1
1916,8,10,11.66,76.93,1.0,1.1,63.0,28.6,16.5
2088,10,13,10.22,74.57,5.0,-1.2,95.9,28.5,16.81
1998,9,25,9.7,74.07,15.5,3.3,83.7,31.3,18.21
2043,6,8,13.14,74.32,11.8,0.1,99.1,27.1,16.52
1991,7,23,11.01,74.17,11.9,4.0,75.4,27.9,16.63
1951,11,8,13.57,73.35,6.8,1.1,94.4,26.8,16.1
1950,4,2,14.24,75.88,10.9,-1.0,64.4,31.5,18.26
2008,10,5,14.76,77.9,19.7,-4.4,95.6,26.1,16.74
1975,12,5,10.06,74.56,3.0,4.9,64.7,25.9,15.33
2094,5,24,6.27,78.54,8.8,-2.0,97.2,29.4,17.4
2089,1,24,14.49,71.09,6.7,-3.0,98.7,30.2,17.66
1916,7,24,6.25,77.08,4.8,-0.8,83.6,26.7,16.04
2092,4,11,12.16,70.23,5.4,-3.8,77.1,28.1,16.78
1911,2,9,13.99,74.41,19.6,2.2,83.3,29.1,17.59
2095,1,22,11.1,72.27,10.1,0.3,72.4,29.8,17.48
2067,9,6,13.0,73.81,4.0,-3.2,78.3,31.1,17.88
2021,8,14,14.19,70.62,9.5,3.5,86.4,27.3,16.31
2021,7,11,14.22,76.29,15.9,-0.2,88.0,30.2,17.97
2080,4,16,5.46,78.12,18.2,-1.7,67.1,26.3,16.58
1989,3,17,9.16,75.13,3.9,4.7,87.2,25.1,15.09
1941,11,7,13.06,78.99,18.6,2.6,70.1,31.7,18.55
2007,3,21,13.59,74.02,5.9,3.1,87.5,25.8,15.55
1991,3,6,6.0,73.35,11.1,-4.9,79.6,26.7,16.56
1961,2,15,11.43,74.1,0.1,4.8,66.2,31.2,17.31
2013,11,14,5.33,72.4,0.0,-4.2,67.6,27.6,16.32
2004,2,6,9.89,78.08,17.8,-1.7,97.0,31.9,18.83
2048,6,7,11.29,70.55,19.8,1.6,92.6,29.5,17.8
2003,12,20,9.97,72.31,18.4,4.3,86.1,32.0,18.59
2028,1,21,10.84,71.28,3.4,-0.2,95.8,26.0,15.68
1959,7,28,9.98,71.46,1.4,2.1,82.2,30.6,17.29
1907,6,24,5.55,79.11,14.3,-4.2,87.8,27.0,16.81
2005,1,9,11.31,71.98,0.7,-1.5,99.3,28.7,16.69
2053,7,11,11.08,72.56,13.5,-1.1,77.3,30.4,17.97
2006,11,9,5.04,75.34,19.5,3.9,93.7,29.5,17.67
2094,5,7,11.24,77.49,7.3,2.9,77.3,30.8,17.62
1923,4,23,8.75,77.38,3.8,1.5,67.1,30.3,17.3
2094,3,15,9.25,72.33,1.1,-2.5,88.2,25.9,15.63
2061,6,25,5.67,71.68,0.6,-2.2,95.6,31.4,17.8
2034,1,11,5.83,75.2,13.2,-3.6,97.0,26.6,16.58
1948,1,2,7.1,78.34,9.8,0.4,83.5,29.0,17.15
1969,8,4,11.82,76.05,14.5,-2.2,66.7,30.1,17.94
1940,9,18,14.01,77.75,9.0,0.5,85.0,30.9,17.87
1968,11,3,14.85,72.65,17.1,4.5,94.6,25.0,15.72
1969,9,19,9.3,77.04,4.2,-1.5,75.1,25.3,15.48
2082,7,19,7.57,74.58,17.9,3.0,84.8,27.7,16.91
2043,4,6,10.84,70.65,10.0,3.4,69.4,27.2,16.28
1968,9,24,6.68,77.72,15.9,-0.4,98.2,25.9,16.27
1969,2,24,10.42,71.5,16.1,-1.1,77.3,27.6,16.98
1953,11,14,12.36,70.01,3.8,-3.8,89.7,29.0,17.07
1938,11,28,6.21,73.1,14.8,1.5,66.1,27.1,16.57
1910,10,15,8.45,72.49,8.5,2.0,71.6,27.9,16.56
2078,6,27,6.7,72.72,4.2,0.5,84.3,26.2,15.75
1953,4,28,9.34,70.35,16.2,-1.2,77.5,31.4,18.51
1935,4,26,5.22,71.35,3.4,4.5,89.9,28.0,16.23
1910,11,7,13.48,72.01,5.2,3.8,99.7,31.2,17.65
2009,7,4,14.93,71.67,17.0,-0.2,78.7,30.1,17.98
2044,11,2,6.04,78.0,19.5,0.0,94.8,30.9,18.43
1986,9,17,9.51,79.39,12.1,2.8,60.5,27.8,16.65
2064,1,9,7.68,75.92,0.1,2.3,81.7,29.9,16.93
2071,6,13,14.2,73.27,10.3,2.4,62.2,30.4,17.62
2065,6,12,7.03,70.58,12.0,3.9,73.7,29.8,17.4
2044,8,6,11.5,75.98,5.5,4.5,61.5,29.2,16.79
2012,8,27,5.41,78.2,7.8,3.9,94.7,25.1,15.33
2043,2,11,13.06,75.21,14.6,4.1,88.5,28.6,17.05
2058,1,22,12.01,76.43,6.7,1.7,97.9,31.4,17.91
1941,6,16,13.2,70.46,8.2,-1.4,84.2,29.8,17.48
1944,4,1,14.14,71.53,4.8,2.7,64.6,28.6,16.61
1917,5,14,10.05,79.86,11.0,-4.0,70.2,25.6,16.06
2019,1,12,5.83,77.65,19.4,2.9,91.6,26.3,16.44
2021,12,9,6.89,76.6,15.7,4.9,79.7,29.5,17.42
1911,1,16,7.64,75.93,6.6,-4.5,69.4,31.1,18.06
2073,7,10,8.21,74.01,6.7,-1.4,84.2,31.5,18.09
2019,2,14,5.73,71.36,15.7,-3.4,90.5,25.5,16.25
2013,11,11,7.74,71.14,15.3,-4.1,68.9,30.4,18.2
1921,10,18,9.27,72.94,5.3,3.1,77.9,27.6,16.23
2093,5,18,14.67,73.97,5.4,0.4,67.9,25.1,15.36
2063,3,22,11.27,79.51,19.2,1.9,97.4,29.7,17.84
1905,8,17,13.59,77.49,5.4,-0.9,68.3,31.7,18.06
2045,9,8,14.87,73.99,12.6,-1.4,73.5,29.4,17.53
1971,8,12,7.96,76.88,9.1,-2.0,74.7,28.5,17.03
2066,12,28,9.86,72.5,5.5,4.7,93.9,31.9,17.89
1978,1,16,10.39,77.63,9.1,2.1,73.4,26.2,15.9
1940,5,23,14.8,76.86,13.0,-4.0,83.1,27.3,16.85
2004,8,10,14.17,79.07,16.3,2.7,70.9,28.4,17.11
2049,2,2,5.36,75.35,11.5,-1.8,98.2,29.4,17.52
2007,5,4,6.82,72.23,2.8,2.5,99.7,27.2,15.99
1995,9,20,8.19,74.7,8.6,3.4,100.0,26.8,16.08
1982,7,17,11.9,78.74,19.0,-3.6,64.1,28.8,17.71
1982,6,13,7.01,70.25,4.6,-2.3,67.0,31.3,17.93
2000,10,24,5.78,79.93,7.8,-4.1,96.1,30.3,17.81
2029,4,15,5.93,78.58,0.8,0.0,85.7,25.3,15.25
1945,10,18,8.99,71.83,3.0,0.2,65.7,30.2,17.29
1973,1,11,13.89,72.37,18.0,-1.9,68.3,31.6,18.7
1933,9,22,13.06,75.15,18.2,-2.1,79.0,31.0,18.49
2032,1,25,9.71,71.07,14.7,-1.6,92.0,28.0,17.11
1971,6,3,9.06,71.82,15.2,4.3,66.9,28.0,16.81
2081,3,19,8.37,70.58,11.4,-3.1,79.6,25.4,15.96
2007,1,22,13.32,76.38,17.3,-4.4,88.4,26.5,16.77
1999,6,5,14.53,70.25,14.9,4.4,62.9,30.4,17.75
1999,8,25,7.34,70.87,3.3,3.0,69.9,28.3,16.4
2081,4,5,10.58,77.5,4.7,-0.9,94.6,30.2,17.45
1943,8,20,14.54,79.43,14.6,-4.7,70.0,25.8,16.36
1949,10,12,9.6,71.97,19.6,-4.4,81.4,29.8,18.2
1946,11,25,9.9,71.56,5.9,2.5,72.3,29.1,16.88
2080,6,19,12.05,73.07,17.7,-3.9,75.8,28.4,17.52
1922,8,12,8.36,71.34,15.5,-0.9,88.9,26.6,16.55
1918,3,25,14.66,75.04,15.8,-0.8,81.6,30.0,17.91
1917,10,24,13.13,78.51,15.9,0.3,61.4,28.1,17.08
1982,12,3,5.86,73.12,18.5,-2.2,82.3,29.5,17.92
1994,10,15,11.41,78.44,9.4,1.8,91.9,28.7,16.95
2099,8,11,14.62,78.92,19.3,-3.4,75.7,26.4,16.77
2018,5,25,10.03,74.02,15.0,-3.0,63.7,28.0,17.16
2030,10,12,11.29,71.5,3.0,3.9,96.4,32.0,17.85
1952,4,18,8.58,74.48,9.7,-4.3,92.1,28.9,17.35
1950,12,17,14.96,75.13,19.1,-0.1,98.9,26.5,16.66
2078,9,4,12.81,73.16,12.2,3.1,83.1,30.3,17.66
2015,2,3,13.42,79.8,7.2,-0.1,71.6,32.0,18.24
1942,9,15,5.07,72.43,14.7,0.6,77.5,28.1,17.02
2049,1,2,8.32,71.05,12.3,3.5,70.9,25.6,15.75
2062,10,2,14.25,79.33,9.2,-4.0,63.3,30.1,17.76
2090,1,2,9.36,76.81,10.6,1.7,99.2,27.0,16.34
1976,5,20,13.89,73.98,16.4,-1.9,75.3,27.1,16.83
1921,10,1,9.62,72.02,13.5,-4.8,69.1,27.0,16.78
2064,7,12,11.41,78.55,0.5,4.1,60.1,26.7,15.56
1921,5,5,14.57,72.13,7.7,1.8,64.4,26.2,15.84
1973,1,18,11.6,78.8,17.8,-1.3,91.8,31.5,18.65
1974,10,4,10.32,71.12,14.6,0.3,91.4,28.6,17.25
2014,2,4,6.52,78.82,10.3,-0.7,83.8,32.0,18.43
1934,8,3,7.7,73.02,8.5,-0.3,75.6,28.6,16.96
2008,9,20,11.85,72.43,14.2,2.4,67.0,27.0,16.46
2079,5,8,8.37,74.79,6.5,-1.5,93.2,31.3,18.01
2047,4,9,8.09,73.96,18.7,1.8,61.5,30.7,18.19
2011,12,1,13.89,79.82,14.7,3.4,79.0,28.8,17.16
2055,8,24,5.76,71.5,6.7,-3.8,73.0,25.7,15.88
2081,10,4,10.32,74.32,10.0,2.3,77.0,31.5,18.06
1978,7,7,11.25,78.73,4.7,-3.6,90.9,26.2,15.99
2099,2,6,12.96,71.33,12.7,-2.1,83.2,31.3,18.34
1926,6,16,14.62,71.86,6.1,1.7,95.4,26.0,15.72
1901,8,25,10.41,79.18,4.0,-4.3,99.2,31.2,17.99
1979,11,24,10.61,71.82,0.2,0.3,68.1,31.5,17.66
2000,12,25,12.82,71.71,14.1,-1.7,63.6,31.3,18.37
2043,5,18,12.52,75.99,15.2,-3.2,76.5,28.4,17.36
1978,8,25,8.14,73.34,7.0,-0.9,92.0,31.7,18.17
2080,11,23,6.5,71.57,8.6,0.5,80.7,28.3,16.81
1980,10,22,14.21,74.21,4.9,0.6,94.9,31.0,17.71
2092,11,4,14.1,79.28,5.8,4.1,74.4,25.2,15.24
2093,12,26,8.59,76.07,11.0,-3.0,85.7,31.3,18.31
1975,11,11,6.33,70.83,7.3,-3.6,80.2,27.3,16.55
2076,3,18,7.79,77.02,17.0,-4.2,98.0,28.0,17.36
1979,5,25,12.68,77.34,15.8,3.7,84.3,25.5,15.89
1953,3,16,5.39,73.38,6.4,2.9,89.6,31.9,18.02
2051,5,22,12.78,77.67,3.0,4.9,92.5,26.4,15.56
1900,10,11,7.48,71.56,11.8,0.2,81.3,25.7,15.94
1928,7,23,10.62,73.61,4.2,-1.2,61.9,30.4,17.49
2094,7,5,8.17,79.24,12.9,3.7,91.5,30.9,17.91
1931,2,23,10.97,79.82,2.4,4.6,79.0,26.9,15.73
1970,1,11,8.84,71.62,14.9,1.9,88.1,25.4,15.9
1938,1,4,9.42,78.93,6.5,-3.1,66.2,31.7,18.23
1967,7,24,11.17,71.49,9.1,3.2,79.8,26.3,15.89
1915,6,14,8.91,74.77,18.4,3.7,60.6,26.4,16.36
1970,7,20,8.52,72.31,1.5,2.6,70.5,26.0,15.42
1931,4,13,11.69,74.25,15.0,2.3,62.6,27.6,16.74
2001,10,6,13.0,70.2,6.3,1.1,68.4,25.7,15.61
2059,12,4,10.28,70.58,6.6,-2.1,84.3,26.6,16.16
1951,6,11,9.72,72.16,18.6,-1.1,63.3,27.4,17.01
1985,5,4,7.56,70.13,10.7,-2.6,78.9,27.3,16.66
1989,7,8,12.82,76.14,1.7,2.6,71.2,31.0,17.43
2026,3,23,10.44,73.2,5.7,-4.4,93.1,28.1,16.84
2082,5,20,10.25,71.17,9.6,-3.2,65.7,25.6,15.95
1955,8,12,11.11,74.3,2.2,-0.7,65.1,28.4,16.57
2046,3,6,9.11,74.21,10.6,2.0,64.1,26.4,16.05
2045,10,21,7.08,73.9,4.1,3.6,87.2,31.7,17.79
1908,11,23,11.19,71.74,15.2,3.9,88.3,30.2,17.73
1912,11,5,14.83,77.64,4.9,-0.7,70.6,26.4,15.91
1986,8,17,8.73,70.65,9.6,4.0,97.9,31.9,18.14
2095,3,10,13.91,70.79,9.2,-4.6,79.3,28.7,17.25
2034,2,1,7.31,71.5,9.3,-4.3,63.2,30.9,18.1
2019,7,28,13.29,75.98,1.2,-1.8,60.4,28.5,16.61
1925,9,9,9.08,75.08,18.0,-3.7,68.5,28.3,17.47
2073,6,17,9.88,70.48,9.1,1.2,90.5,29.8,17.41
1998,8,27,6.32,77.56,6.5,2.2,81.0,28.2,16.58
2095,9,13,7.86,71.05,15.8,-3.6,72.6,27.3,16.96
1966,7,23,13.13,70.08,9.1,1.3,75.0,25.2,15.54
1965,8,10,12.21,73.36,9.2,-4.2,77.7,26.4,16.31
1914,10,28,9.93,73.4,0.9,0.3,98.4,27.3,16.05
